group,accuracy,precision_weighted,recall_weighted,f1_weighted
OVERALL,0.998,0.9980283687943263,0.998,0.9980001498501498
Sex=Male,1.0,1.0,1.0,1.0
Sex=Female,0.99609375,0.9961902006172839,0.99609375,0.9960850602489407
Age=46-60,1.0,1.0,1.0,1.0
Age=<=30,0.995260663507109,0.9953960731211915,0.995260663507109,0.9952596383423907
Age=60+,0.9968454258675079,0.9969140035660402,0.9968454258675079,0.9968442023739854
Age=31-45,1.0,1.0,1.0,1.0
